date,weekday,source_of_truth,gcatholic_celebration_name,romcal_celebration_name,validation_reason,review_notes
2023-01-03,Tuesday,Tuesday of Christmas Time before Epiphany,null,Most Holy Name Of Jesus,Source of truth: Tuesday of Christmas Time before Epiphany; GCatholic: missing; Romcal: Most Holy Name Of Jesus.,Source of truth did not match GCatholic or Romcal; needs human review.
2023-01-04,Wednesday,Wednesday of Christmas Time before Epiphany,null,Christmas Time January 4,Source of truth: Wednesday of Christmas Time before Epiphany; GCatholic: missing; Romcal: Christmas Time January 4.,Source of truth did not match GCatholic or Romcal; needs human review.
2023-01-05,Thursday,Thursday of Christmas Time before Epiphany,null,Christmas Time January 5,Source of truth: Thursday of Christmas Time before Epiphany; GCatholic: missing; Romcal: Christmas Time January 5.,Source of truth did not match GCatholic or Romcal; needs human review.
2023-01-06,Friday,Friday of Christmas Time before Epiphany,null,Christmas Time January 6,Source of truth: Friday of Christmas Time before Epiphany; GCatholic: missing; Romcal: Christmas Time January 6.,Source of truth did not match GCatholic or Romcal; needs human review.
2023-01-07,Saturday,Saturday of Christmas Time before Epiphany,null,Raymond Of Penyafort Priest,Source of truth: Saturday of Christmas Time before Epiphany; GCatholic: missing; Romcal: Raymond Of Penyafort Priest.,Source of truth did not match GCatholic or Romcal; needs human review.
2023-01-10,Tuesday,Tuesday of the 1st Week in Ordinary Time,null,Tuesday After Epiphany,Source of truth: Tuesday of the 1st Week in Ordinary Time; GCatholic: missing; Romcal: Tuesday After Epiphany.,Source of truth did not match GCatholic or Romcal; needs human review.
2023-01-13,Friday,Friday of the 1st Week in Ordinary Time,null,Hilary Of Poitiers Bishop,Source of truth: Friday of the 1st Week in Ordinary Time; GCatholic: missing; Romcal: Hilary Of Poitiers Bishop.,Source of truth did not match GCatholic or Romcal; needs human review.
2023-01-15,Sunday,The Santo Niño (Holy Child Jesus),null,Ordinary Time 2 Sunday,Source of truth: The Santo Niño (Holy Child Jesus); GCatholic: missing; Romcal: Ordinary Time 2 Sunday.,Source of truth did not match GCatholic or Romcal; needs human review.
2023-01-16,Monday,Monday of the 2nd Week in Ordinary Time,null,Ordinary Time 1 Monday,Source of truth: Monday of the 2nd Week in Ordinary Time; GCatholic: missing; Romcal: Ordinary Time 1 Monday.,Source of truth did not match GCatholic or Romcal; needs human review.
2023-01-20,Friday,Friday of the 2nd Week in Ordinary Time,null,Fabian I Pope,Source of truth: Friday of the 2nd Week in Ordinary Time; GCatholic: missing; Romcal: Fabian I Pope.,Source of truth did not match GCatholic or Romcal; needs human review.
2023-01-21,Saturday,"Saint Agnes, virgin and martyr",null,Agnes Of Rome Virgin,"Source of truth: Saint Agnes, virgin and martyr; GCatholic: missing; Romcal: Agnes Of Rome Virgin.",Source of truth did not match GCatholic or Romcal; needs human review.
2023-01-22,Sunday,3rd Sunday in Ordinary Time,null,Sunday Of The Word Of God,Source of truth: 3rd Sunday in Ordinary Time; GCatholic: missing; Romcal: Sunday Of The Word Of God.,Source of truth did not match GCatholic or Romcal; needs human review.
2023-01-23,Monday,Monday of the 3rd Week in Ordinary Time,null,Ordinary Time 2 Monday,Source of truth: Monday of the 3rd Week in Ordinary Time; GCatholic: missing; Romcal: Ordinary Time 2 Monday.,Source of truth did not match GCatholic or Romcal; needs human review.
2023-01-26,Thursday,"Saints Timothy and Titus, bishops",null,Timothy Of Ephesus And Titus Of Crete Bishops,"Source of truth: Saints Timothy and Titus, bishops; GCatholic: missing; Romcal: Timothy Of Ephesus And Titus Of Crete Bishops.",Source of truth did not match GCatholic or Romcal; needs human review.
2023-01-27,Friday,Friday of the 3rd Week in Ordinary Time,null,Angela Merici Virgin,Source of truth: Friday of the 3rd Week in Ordinary Time; GCatholic: missing; Romcal: Angela Merici Virgin.,Source of truth did not match GCatholic or Romcal; needs human review.
2023-01-30,Monday,Monday of the 4th Week in Ordinary Time,null,Ordinary Time 3 Monday,Source of truth: Monday of the 4th Week in Ordinary Time; GCatholic: missing; Romcal: Ordinary Time 3 Monday.,Source of truth did not match GCatholic or Romcal; needs human review.
2023-02-03,Friday,Friday of the 4th Week in Ordinary Time,null,Blaise Of Sebaste Bishop,Source of truth: Friday of the 4th Week in Ordinary Time; GCatholic: missing; Romcal: Blaise Of Sebaste Bishop.,Source of truth did not match GCatholic or Romcal; needs human review.
2023-02-08,Wednesday,Wednesday of the 5th Week in Ordinary Time,null,Jerome Emiliani,Source of truth: Wednesday of the 5th Week in Ordinary Time; GCatholic: missing; Romcal: Jerome Emiliani.,Source of truth did not match GCatholic or Romcal; needs human review.
2023-02-10,Friday,"Saint Scholastica, virgin",null,Scholastica Of Nursia Virgin,"Source of truth: Saint Scholastica, virgin; GCatholic: missing; Romcal: Scholastica Of Nursia Virgin.",Source of truth did not match GCatholic or Romcal; needs human review.
2023-02-11,Saturday,Saturday of the 5th Week in Ordinary Time,null,Our Lady Of Lourdes,Source of truth: Saturday of the 5th Week in Ordinary Time; GCatholic: missing; Romcal: Our Lady Of Lourdes.,Source of truth did not match GCatholic or Romcal; needs human review.
2023-02-13,Monday,Monday of the 6th Week in Ordinary Time,null,Ordinary Time 5 Monday,Source of truth: Monday of the 6th Week in Ordinary Time; GCatholic: missing; Romcal: Ordinary Time 5 Monday.,Source of truth did not match GCatholic or Romcal; needs human review.
2023-02-14,Tuesday,"Saints Cyril, monk, and Methodius, bishop",null,Cyril The Philosopher Monk And Methodius Of Thessaloniki Bishop,"Source of truth: Saints Cyril, monk, and Methodius, bishop; GCatholic: missing; Romcal: Cyril The Philosopher Monk And Methodius Of Thessaloniki Bishop.",Source of truth did not match GCatholic or Romcal; needs human review.
2023-02-17,Friday,Friday of the 6th Week in Ordinary Time,null,Seven Holy Founders Of The Servite Order,Source of truth: Friday of the 6th Week in Ordinary Time; GCatholic: missing; Romcal: Seven Holy Founders Of The Servite Order.,Source of truth did not match GCatholic or Romcal; needs human review.
2023-02-20,Monday,Monday of the 7th Week in Ordinary Time,null,Ordinary Time 6 Monday,Source of truth: Monday of the 7th Week in Ordinary Time; GCatholic: missing; Romcal: Ordinary Time 6 Monday.,Source of truth did not match GCatholic or Romcal; needs human review.
2023-02-21,Tuesday,Tuesday of the 7th Week in Ordinary Time,null,Peter Damian Bishop,Source of truth: Tuesday of the 7th Week in Ordinary Time; GCatholic: missing; Romcal: Peter Damian Bishop.,Source of truth did not match GCatholic or Romcal; needs human review.
2023-04-07,Friday,"Saint John Baptist de la Salle, priest",null,Good Friday,"Source of truth: Saint John Baptist de la Salle, priest; GCatholic: missing; Romcal: Good Friday.",Source of truth did not match GCatholic or Romcal; needs human review.
2023-04-21,Friday,Friday of the 2nd Week of Easter,null,Anselm Of Canterbury Bishop,Source of truth: Friday of the 2nd Week of Easter; GCatholic: missing; Romcal: Anselm Of Canterbury Bishop.,Source of truth did not match GCatholic or Romcal; needs human review.
2023-04-24,Monday,Monday of the 3rd Week of Easter,null,Fidelis Of Sigmaringen Priest,Source of truth: Monday of the 3rd Week of Easter; GCatholic: missing; Romcal: Fidelis Of Sigmaringen Priest.,Source of truth did not match GCatholic or Romcal; needs human review.
2023-04-28,Friday,Friday of the 3rd Week of Easter,null,Peter Chanel Priest,Source of truth: Friday of the 3rd Week of Easter; GCatholic: missing; Romcal: Peter Chanel Priest.,Source of truth did not match GCatholic or Romcal; needs human review.
2023-05-01,Monday,Monday of the 4th Week of Easter,null,Joseph The Worker,Source of truth: Monday of the 4th Week of Easter; GCatholic: missing; Romcal: Joseph The Worker.,Source of truth did not match GCatholic or Romcal; needs human review.
2023-05-02,Tuesday,"Saint Athanasius, bishop and doctor",null,Athanasius Of Alexandria Bishop,"Source of truth: Saint Athanasius, bishop and doctor; GCatholic: missing; Romcal: Athanasius Of Alexandria Bishop.",Source of truth did not match GCatholic or Romcal; needs human review.
2023-05-10,Wednesday,Wednesday of the 5th Week of Easter,null,John Of Avila Priest,Source of truth: Wednesday of the 5th Week of Easter; GCatholic: missing; Romcal: John Of Avila Priest.,Source of truth did not match GCatholic or Romcal; needs human review.
2023-05-12,Friday,Friday of the 5th Week of Easter,null,Nereus Of Terracina And Achilleus Of Terracina Martyrs,Source of truth: Friday of the 5th Week of Easter; GCatholic: missing; Romcal: Nereus Of Terracina And Achilleus Of Terracina Martyrs.,Source of truth did not match GCatholic or Romcal; needs human review.
2023-05-13,Saturday,Saturday of the 5th Week of Easter,null,Our Lady Of Fatima,Source of truth: Saturday of the 5th Week of Easter; GCatholic: missing; Romcal: Our Lady Of Fatima.,Source of truth did not match GCatholic or Romcal; needs human review.
2023-05-18,Thursday,Thursday of the 6th Week of Easter,null,Ascension,Source of truth: Thursday of the 6th Week of Easter; GCatholic: missing; Romcal: Ascension.,Source of truth did not match GCatholic or Romcal; needs human review.
2023-05-20,Saturday,Saturday of the 6th Week of Easter,null,Bernardine Of Siena Priest,Source of truth: Saturday of the 6th Week of Easter; GCatholic: missing; Romcal: Bernardine Of Siena Priest.,Source of truth did not match GCatholic or Romcal; needs human review.
2023-05-21,Sunday,The Ascension of the Lord,null,Easter Time 7 Sunday,Source of truth: The Ascension of the Lord; GCatholic: missing; Romcal: Easter Time 7 Sunday.,Source of truth did not match GCatholic or Romcal; needs human review.
2023-05-22,Monday,Monday of the 7th Week of Easter,null,Rita Of Cascia Religious,Source of truth: Monday of the 7th Week of Easter; GCatholic: missing; Romcal: Rita Of Cascia Religious.,Source of truth did not match GCatholic or Romcal; needs human review.
2023-05-25,Thursday,Thursday of the 7th Week of Easter,null,Bede The Venerable Priest,Source of truth: Thursday of the 7th Week of Easter; GCatholic: missing; Romcal: Bede The Venerable Priest.,Source of truth did not match GCatholic or Romcal; needs human review.
2023-05-27,Saturday,Saturday of the 7th Week of Easter,null,Augustine Of Canterbury Bishop,Source of truth: Saturday of the 7th Week of Easter; GCatholic: missing; Romcal: Augustine Of Canterbury Bishop.,Source of truth did not match GCatholic or Romcal; needs human review.
2023-05-31,Wednesday,The Visitation of the Blessed Virgin Mary,null,Visitation Of Mary,Source of truth: The Visitation of the Blessed Virgin Mary; GCatholic: missing; Romcal: Visitation Of Mary.,Source of truth did not match GCatholic or Romcal; needs human review.
2023-06-01,Thursday,"Our Lord Jesus Christ, the Eternal High Priest",null,Justin Martyr,"Source of truth: Our Lord Jesus Christ, the Eternal High Priest; GCatholic: missing; Romcal: Justin Martyr.",Source of truth did not match GCatholic or Romcal; needs human review.
2023-06-02,Friday,Friday of the 8th Week in Ordinary Time,null,Marcellinus Of Rome And Peter The Exorcist Martyrs,Source of truth: Friday of the 8th Week in Ordinary Time; GCatholic: missing; Romcal: Marcellinus Of Rome And Peter The Exorcist Martyrs.,Source of truth did not match GCatholic or Romcal; needs human review.
2023-06-05,Monday,"Saint Boniface, bishop and martyr",null,Boniface Of Mainz Bishop,"Source of truth: Saint Boniface, bishop and martyr; GCatholic: missing; Romcal: Boniface Of Mainz Bishop.",Source of truth did not match GCatholic or Romcal; needs human review.
2023-06-06,Tuesday,Tuesday of the 9th Week in Ordinary Time,null,Norbert Of Xanten Bishop,Source of truth: Tuesday of the 9th Week in Ordinary Time; GCatholic: missing; Romcal: Norbert Of Xanten Bishop.,Source of truth did not match GCatholic or Romcal; needs human review.
2023-06-09,Friday,Friday of the 9th Week in Ordinary Time,null,Ephrem The Syrian Deacon,Source of truth: Friday of the 9th Week in Ordinary Time; GCatholic: missing; Romcal: Ephrem The Syrian Deacon.,Source of truth did not match GCatholic or Romcal; needs human review.
2023-06-17,Saturday,The Immaculate Heart of the Blessed Virgin Mary,null,Immaculate Heart Of Mary,Source of truth: The Immaculate Heart of the Blessed Virgin Mary; GCatholic: missing; Romcal: Immaculate Heart Of Mary.,Source of truth did not match GCatholic or Romcal; needs human review.
2023-06-19,Monday,Monday of the 11th Week in Ordinary Time,null,Romuald Of Ravenna Abbot,Source of truth: Monday of the 11th Week in Ordinary Time; GCatholic: missing; Romcal: Romuald Of Ravenna Abbot.,Source of truth did not match GCatholic or Romcal; needs human review.
2023-06-22,Thursday,Thursday of the 11th Week in Ordinary Time,null,Paulinus Of Nola Bishop,Source of truth: Thursday of the 11th Week in Ordinary Time; GCatholic: missing; Romcal: Paulinus Of Nola Bishop.,Source of truth did not match GCatholic or Romcal; needs human review.
2023-06-27,Tuesday,Tuesday of the 12th Week in Ordinary Time,null,Cyril Of Alexandria Bishop,Source of truth: Tuesday of the 12th Week in Ordinary Time; GCatholic: missing; Romcal: Cyril Of Alexandria Bishop.,Source of truth did not match GCatholic or Romcal; needs human review.
2023-06-28,Wednesday,"Saint Irenaeus, bishop and martyr",null,Irenaeus Of Lyon Bishop,"Source of truth: Saint Irenaeus, bishop and martyr; GCatholic: missing; Romcal: Irenaeus Of Lyon Bishop.",Source of truth did not match GCatholic or Romcal; needs human review.
2023-06-30,Friday,Friday of the 12th Week in Ordinary Time,null,First Martyrs Of The Holy Roman Church,Source of truth: Friday of the 12th Week in Ordinary Time; GCatholic: missing; Romcal: First Martyrs Of The Holy Roman Church.,Source of truth did not match GCatholic or Romcal; needs human review.
2023-07-04,Tuesday,Tuesday of the 13th Week in Ordinary Time,null,Elizabeth Of Portugal,Source of truth: Tuesday of the 13th Week in Ordinary Time; GCatholic: missing; Romcal: Elizabeth Of Portugal.,Source of truth did not match GCatholic or Romcal; needs human review.
2023-07-05,Wednesday,Wednesday of the 13th Week in Ordinary Time,null,Anthony Zaccaria Priest,Source of truth: Wednesday of the 13th Week in Ordinary Time; GCatholic: missing; Romcal: Anthony Zaccaria Priest.,Source of truth did not match GCatholic or Romcal; needs human review.
2023-07-06,Thursday,Thursday of the 13th Week in Ordinary Time,null,Maria Goretti Virgin,Source of truth: Thursday of the 13th Week in Ordinary Time; GCatholic: missing; Romcal: Maria Goretti Virgin.,Source of truth did not match GCatholic or Romcal; needs human review.
2023-07-11,Tuesday,"Saint Benedict, abbot",null,Benedict Of Nursia Abbot,"Source of truth: Saint Benedict, abbot; GCatholic: missing; Romcal: Benedict Of Nursia Abbot.",Source of truth did not match GCatholic or Romcal; needs human review.
2023-07-13,Thursday,Thursday of the 14th Week in Ordinary Time,null,Henry Ii Emperor,Source of truth: Thursday of the 14th Week in Ordinary Time; GCatholic: missing; Romcal: Henry Ii Emperor.,Source of truth did not match GCatholic or Romcal; needs human review.
2023-07-14,Friday,Friday of the 14th Week in Ordinary Time,null,Camillus De Lellis Priest,Source of truth: Friday of the 14th Week in Ordinary Time; GCatholic: missing; Romcal: Camillus De Lellis Priest.,Source of truth did not match GCatholic or Romcal; needs human review.
2023-07-15,Saturday,"Saint Bonaventure, bishop and doctor",null,Bonaventure Of Bagnoregio Bishop,"Source of truth: Saint Bonaventure, bishop and doctor; GCatholic: missing; Romcal: Bonaventure Of Bagnoregio Bishop.",Source of truth did not match GCatholic or Romcal; needs human review.
2023-07-20,Thursday,Thursday of the 15th Week in Ordinary Time,null,Apollinaris Of Ravenna Bishop,Source of truth: Thursday of the 15th Week in Ordinary Time; GCatholic: missing; Romcal: Apollinaris Of Ravenna Bishop.,Source of truth did not match GCatholic or Romcal; needs human review.
2023-07-21,Friday,Friday of the 15th Week in Ordinary Time,null,Lawrence Of Brindisi Priest,Source of truth: Friday of the 15th Week in Ordinary Time; GCatholic: missing; Romcal: Lawrence Of Brindisi Priest.,Source of truth did not match GCatholic or Romcal; needs human review.
2023-07-24,Monday,Monday of the 16th Week in Ordinary Time,null,Sharbel Makhluf Priest,Source of truth: Monday of the 16th Week in Ordinary Time; GCatholic: missing; Romcal: Sharbel Makhluf Priest.,Source of truth did not match GCatholic or Romcal; needs human review.
2023-07-26,Wednesday,Saints Joachim and Anne,null,Joachim And Anne Parents Of Mary,Source of truth: Saints Joachim and Anne; GCatholic: missing; Romcal: Joachim And Anne Parents Of Mary.,Source of truth did not match GCatholic or Romcal; needs human review.
2023-07-29,Saturday,"Saint Martha, Saint Mary and Saint Lazarus, the siblings from Bethany",null,Martha Of Bethany Mary Of Bethany And Lazarus Of Bethany,"Source of truth: Saint Martha, Saint Mary and Saint Lazarus, the siblings from Bethany; GCatholic: missing; Romcal: Martha Of Bethany Mary Of Bethany And Lazarus Of Bethany.",Source of truth did not match GCatholic or Romcal; needs human review.
2023-08-01,Tuesday,"Saint Alphonsus Maria de Liguori, bishop and doctor of the Church",null,Alphonsus Liguori Bishop,"Source of truth: Saint Alphonsus Maria de Liguori, bishop and doctor of the Church; GCatholic: missing; Romcal: Alphonsus Liguori Bishop.",Source of truth did not match GCatholic or Romcal; needs human review.
2023-08-02,Wednesday,Wednesday of the 17th Week in Ordinary Time,null,Eusebius Of Vercelli Bishop,Source of truth: Wednesday of the 17th Week in Ordinary Time; GCatholic: missing; Romcal: Eusebius Of Vercelli Bishop.,Source of truth did not match GCatholic or Romcal; needs human review.
2023-08-04,Friday,"Saint John Vianney (the Curé of Ars), priest",null,John Mary Vianney Priest,"Source of truth: Saint John Vianney (the Curé of Ars), priest; GCatholic: missing; Romcal: John Mary Vianney Priest.",Source of truth did not match GCatholic or Romcal; needs human review.
2023-08-05,Saturday,Saturday of the 17th Week in Ordinary Time,null,Dedication Of The Basilica Of Saint Mary Major,Source of truth: Saturday of the 17th Week in Ordinary Time; GCatholic: missing; Romcal: Dedication Of The Basilica Of Saint Mary Major.,Source of truth did not match GCatholic or Romcal; needs human review.
2023-08-07,Monday,Monday of the 18th Week in Ordinary Time,null,Sixtus Ii Pope And Companions Martyrs,Source of truth: Monday of the 18th Week in Ordinary Time; GCatholic: missing; Romcal: Sixtus Ii Pope And Companions Martyrs.,Source of truth did not match GCatholic or Romcal; needs human review.
2023-08-08,Tuesday,"Saint Dominic, priest",null,Dominic De Guzman Priest,"Source of truth: Saint Dominic, priest; GCatholic: missing; Romcal: Dominic De Guzman Priest.",Source of truth did not match GCatholic or Romcal; needs human review.
2023-08-09,Wednesday,Wednesday of the 18th Week in Ordinary Time,null,Teresa Benedicta Of The Cross Stein Virgin,Source of truth: Wednesday of the 18th Week in Ordinary Time; GCatholic: missing; Romcal: Teresa Benedicta Of The Cross Stein Virgin.,Source of truth did not match GCatholic or Romcal; needs human review.
2023-08-10,Thursday,"Saint Lawrence, Deacon and Martyr",null,Lawrence Of Rome Deacon,"Source of truth: Saint Lawrence, Deacon and Martyr; GCatholic: missing; Romcal: Lawrence Of Rome Deacon.",Source of truth did not match GCatholic or Romcal; needs human review.
2023-08-11,Friday,"Saint Clare, virgin",null,Clare Of Assisi Virgin,"Source of truth: Saint Clare, virgin; GCatholic: missing; Romcal: Clare Of Assisi Virgin.",Source of truth did not match GCatholic or Romcal; needs human review.
2023-08-12,Saturday,Saturday of the 18th Week in Ordinary Time,null,Jane Frances De Chantal Religious,Source of truth: Saturday of the 18th Week in Ordinary Time; GCatholic: missing; Romcal: Jane Frances De Chantal Religious.,Source of truth did not match GCatholic or Romcal; needs human review.
2023-08-14,Monday,"Saint Maximilian Mary Kolbe, priest and martyr",null,Maximilian Kolbe Priest,"Source of truth: Saint Maximilian Mary Kolbe, priest and martyr; GCatholic: missing; Romcal: Maximilian Kolbe Priest.",Source of truth did not match GCatholic or Romcal; needs human review.
2023-08-16,Wednesday,Wednesday of the 19th Week in Ordinary Time,null,Roch Of Montpellier,Source of truth: Wednesday of the 19th Week in Ordinary Time; GCatholic: missing; Romcal: Roch Of Montpellier.,Source of truth did not match GCatholic or Romcal; needs human review.
2023-08-19,Saturday,"Saint Ezequiel Moreno, Bishop",null,John Eudes Priest,"Source of truth: Saint Ezequiel Moreno, Bishop; GCatholic: missing; Romcal: John Eudes Priest.",Source of truth did not match GCatholic or Romcal; needs human review.
2023-08-22,Tuesday,Queenship of Blessed Virgin Mary,null,Queenship Of Mary,Source of truth: Queenship of Blessed Virgin Mary; GCatholic: missing; Romcal: Queenship Of Mary.,Source of truth did not match GCatholic or Romcal; needs human review.
2023-08-25,Friday,Friday of the 20th Week in Ordinary Time,null,Louis Ix Of France,Source of truth: Friday of the 20th Week in Ordinary Time; GCatholic: missing; Romcal: Louis Ix Of France.,Source of truth did not match GCatholic or Romcal; needs human review.
2023-09-08,Friday,The Nativity of the Blessed Virgin Mary,null,Nativity Of Mary,Source of truth: The Nativity of the Blessed Virgin Mary; GCatholic: missing; Romcal: Nativity Of Mary.,Source of truth did not match GCatholic or Romcal; needs human review.
2023-09-09,Saturday,Saturday of the 22nd Week in Ordinary Time,null,Peter Claver Priest,Source of truth: Saturday of the 22nd Week in Ordinary Time; GCatholic: missing; Romcal: Peter Claver Priest.,Source of truth did not match GCatholic or Romcal; needs human review.
2023-09-12,Tuesday,Tuesday of the 23rd Week in Ordinary Time,null,Most Holy Name Of Mary,Source of truth: Tuesday of the 23rd Week in Ordinary Time; GCatholic: missing; Romcal: Most Holy Name Of Mary.,Source of truth did not match GCatholic or Romcal; needs human review.
2023-09-16,Saturday,"Saints Cornelius, pope, and Cyprian, bishop, martyrs",null,Cornelius I Pope And Cyprian Of Carthage Bishop Martyrs,"Source of truth: Saints Cornelius, pope, and Cyprian, bishop, martyrs; GCatholic: missing; Romcal: Cornelius I Pope And Cyprian Of Carthage Bishop Martyrs.",Source of truth did not match GCatholic or Romcal; needs human review.
2023-09-19,Tuesday,Tuesday of the 24th Week in Ordinary Time,null,Januarius I Of Benevento Bishop,Source of truth: Tuesday of the 24th Week in Ordinary Time; GCatholic: missing; Romcal: Januarius I Of Benevento Bishop.,Source of truth did not match GCatholic or Romcal; needs human review.
2023-09-23,Saturday,"Saint Pius of Pietrelcina (Padre Pio), priest",null,Pius Of Pietrelcina Priest,"Source of truth: Saint Pius of Pietrelcina (Padre Pio), priest; GCatholic: missing; Romcal: Pius Of Pietrelcina Priest.",Source of truth did not match GCatholic or Romcal; needs human review.
2023-09-26,Tuesday,Tuesday of the 25th Week in Ordinary Time,null,Cosmas Of Cilicia And Damian Of Cilicia Martyrs,Source of truth: Tuesday of the 25th Week in Ordinary Time; GCatholic: missing; Romcal: Cosmas Of Cilicia And Damian Of Cilicia Martyrs.,Source of truth did not match GCatholic or Romcal; needs human review.
2023-09-28,Thursday,"Saint Lorenzo Ruiz and Companions, Martyrs",null,Lawrence Ruiz And Companions Martyrs,"Source of truth: Saint Lorenzo Ruiz and Companions, Martyrs; GCatholic: missing; Romcal: Lawrence Ruiz And Companions Martyrs.",Source of truth did not match GCatholic or Romcal; needs human review.
2023-09-30,Saturday,"Saint Jerome, priest and doctor",null,Jerome Of Stridon Priest,"Source of truth: Saint Jerome, priest and doctor; GCatholic: missing; Romcal: Jerome Of Stridon Priest.",Source of truth did not match GCatholic or Romcal; needs human review.
2023-10-05,Thursday,Thursday of the 26th Week in Ordinary Time,null,Faustina Kowalska Virgin,Source of truth: Thursday of the 26th Week in Ordinary Time; GCatholic: missing; Romcal: Faustina Kowalska Virgin.,Source of truth did not match GCatholic or Romcal; needs human review.
2023-10-06,Friday,Friday of the 26th Week in Ordinary Time,null,Bruno Of Cologne Priest,Source of truth: Friday of the 26th Week in Ordinary Time; GCatholic: missing; Romcal: Bruno Of Cologne Priest.,Source of truth did not match GCatholic or Romcal; needs human review.
2023-10-09,Monday,Monday of the 27th Week in Ordinary Time,null,Denis Of Paris Bishop And Companions Martyrs,Source of truth: Monday of the 27th Week in Ordinary Time; GCatholic: missing; Romcal: Denis Of Paris Bishop And Companions Martyrs.,Source of truth did not match GCatholic or Romcal; needs human review.
2023-10-11,Wednesday,Wednesday of the 27th Week in Ordinary Time,null,John Xxiii Pope,Source of truth: Wednesday of the 27th Week in Ordinary Time; GCatholic: missing; Romcal: John Xxiii Pope.,Source of truth did not match GCatholic or Romcal; needs human review.
2023-10-14,Saturday,Saturday of the 27th Week in Ordinary Time,null,Callistus I Pope,Source of truth: Saturday of the 27th Week in Ordinary Time; GCatholic: missing; Romcal: Callistus I Pope.,Source of truth did not match GCatholic or Romcal; needs human review.
2023-10-16,Monday,Monday of the 28th Week in Ordinary Time,null,Hedwig Of Silesia Religious,Source of truth: Monday of the 28th Week in Ordinary Time; GCatholic: missing; Romcal: Hedwig Of Silesia Religious.,Source of truth did not match GCatholic or Romcal; needs human review.
2023-10-19,Thursday,Thursday of the 28th Week in Ordinary Time,null,John De Brebeuf Isaac Jogues Priests And Companions Martyrs,Source of truth: Thursday of the 28th Week in Ordinary Time; GCatholic: missing; Romcal: John De Brebeuf Isaac Jogues Priests And Companions Martyrs.,Source of truth did not match GCatholic or Romcal; needs human review.
2023-10-23,Monday,Monday of the 29th Week in Ordinary Time,null,John Of Capistrano Priest,Source of truth: Monday of the 29th Week in Ordinary Time; GCatholic: missing; Romcal: John Of Capistrano Priest.,Source of truth did not match GCatholic or Romcal; needs human review.
2023-10-24,Tuesday,Tuesday of the 29th Week in Ordinary Time,null,Anthony Mary Claret Bishop,Source of truth: Tuesday of the 29th Week in Ordinary Time; GCatholic: missing; Romcal: Anthony Mary Claret Bishop.,Source of truth did not match GCatholic or Romcal; needs human review.
2023-10-25,Wednesday,Wednesday of the 29th Week in Ordinary Time,null,Dedication Of Consecrated Churches On October 25,Source of truth: Wednesday of the 29th Week in Ordinary Time; GCatholic: missing; Romcal: Dedication Of Consecrated Churches On October 25.,Source of truth did not match GCatholic or Romcal; needs human review.
2023-10-29,Sunday,30th Sunday in Ordinary Time,null,Dedication Of Consecrated Churches On Last Sunday Of October,Source of truth: 30th Sunday in Ordinary Time; GCatholic: missing; Romcal: Dedication Of Consecrated Churches On Last Sunday Of October.,Source of truth did not match GCatholic or Romcal; needs human review.
2023-11-03,Friday,Friday of the 30th Week in Ordinary Time,null,Martin De Porres Religious,Source of truth: Friday of the 30th Week in Ordinary Time; GCatholic: missing; Romcal: Martin De Porres Religious.,Source of truth did not match GCatholic or Romcal; needs human review.